epoch,loss_validation,loss_train,f1_validation,accuracy_validation,f1_test,accuracy_test
1,0.997997108908801,0.9802720235607542,0.6748045217282366,0.6626465284039675,0.7325261525520319,0.7183718371837183
2,0.7659722194388521,0.7295450994612643,0.7419070474646834,0.7352344454463481,0.7994014373413652,0.7924459112577924
